{"\u4f0a\u5a1c": 0, "\u90fd\u91d1\u7ff0": 0, "\u738b\u529b\u5b8f": 53.260397770839575, "\u9ec4\u68a6\u83b9": 0, "\u5f20\u9707": -5.114442832861807, "\u738b\u5929\u6cfd": 0, "\u7956\u5cf0": 6.712649119995506, "\u7ae0\u5b50\u6021": 39.79031726585728, "\u97e9\u7ae5\u751f": -0.41450448592587497, "\u9ec4\u6653\u660e": 20.81972501161435, "\u7c73\u96ea": 16.410001164000974, "\u4f0d\u9e9f\u51ef": -0.25378973497106927, "\u7eaa\u5e05": 0.4431265285561773, "\u738b\u76db\u5fb7": -0.27868539599813924, "\u9648\u695a\u751f": 0.214885242015872, "\u94c1\u653f": 3.2979616039830884, "\u5434\u8c28\u8a00": 0}