{"\u8d75\u6c49\u5510": 0.4848449477368668, "\u6c5f\u4e00\u71d5": 3.7937849733510083}