{"\u5b59\u660e\u660e": 0, "\u674e\u6cbb\u5ef7": 7.413682851426741, "\u6768\u4e00\u5a01": 0, "\u67f3\u5ca9": -7.8502129383953765, "\u9ec4\u6653\u660e": 0.6475004606008739, "\u502a\u59ae": 19.660802817303576, "\u8c22\u82d7": 0.5005108421555092, "\u4f0d\u4f70": -17.61814046851611, "\u5468\u51ac\u96e8": 26.769368887163512, "\u5927\u9e4f": 6.099591793661281, "\u7530\u542f\u6587": -2.8436135437048278, "\u8bb8\u660e\u864e": 0}