{"\u4e5d\u5b54": -0.9550001922874101, "\u9a6c\u4e3d": 16.353473832079025, "\u6881\u8d85": 1.9029226624043187, "\u738b\u8fc5": -0.9797855367311474, "\u8d3e\u4e43\u4eae": -11.373917984829138, "\u91d1\u58eb\u6770": -9.859221695816228, "\u5c48\u83c1\u83c1": -2.0067776323054343, "\u8d3e\u4e91\u99a8": 0, "\u5218\u6167": 0.7186707902692708, "\u4e8e\u6d0b": -0.1848205295370024, "\u66fe\u5fd7\u4f1f": -2.4870130182919974, "\u674e\u5c0f\u7490": -0.10283099463581738}