{"\u6797\u66f4\u65b0": 51.30479696549581, "\u5305\u8d1d\u5c14": -6.908258957982782, "\u59da\u6668": 0.6008266655881577, "\u6797\u5141": 9.273076339857317, "\u738b\u8d85": 1.9723495610379862, "\u8212\u6dc7": 11.623388689840032, "\u5f20\u7f8e\u5a25": 0, "\u6768\u4e00\u5a01": 0.23746946574872363, "\u6768\u80fd": 0.15965986536327403, "\u5434\u4ea6\u51e1": 19.138464305503753, "\u8fc8\u514b\u5c14": 0.2216884697827809, "\u5df4\u7279\u5c14": 46.18167490948563, "\u5f90\u5f69\u9999": 0, "\u6c6a\u94ce": 1.3183665534387883, "\u738b\u4e3d\u5764": 2.5028453249292406, "\u9ec4\u6c38\u8f89": 0, "\u5927\u9e4f": -2.9323351879319857, "\u9ece\u7ee7\u5f3a": 0, "\u7a0b\u601d\u5bd2": 1.1086154851908343}