{"\u8d75\u53c8\u5ef7": 54.08503855962158, "\u6768\u5b50\u59d7": 38.88970022741257}