{"\u5b59\u827a\u6d32": 11.121073470522372, "\u8d75\u82f1\u4fca": 0, "\u5f20\u56fd\u67f1": 0.3988053979497448, "\u6797\u5fd7\u73b2": 10.822354626361383, "\u6d77\u4f5f": 0, "\u6768\u7950\u5b81": 2.136522034396648, "\u5468\u51ac\u96e8": 136.22166197950915, "\u9ad8\u6653\u677e": -1.9578592614479093, "\u91d1\u57ce\u6b66": 95.32645992347943, "\u595a\u68a6\u7476": 1.2344332584678328}