{"\u4efb\u8fbe\u534e": -2.5930644645779704, "\u675c\u5955\u8861": -0.3599472441966395, "\u738b\u8fc5": -0.3011766677637576, "\u5f20\u5929\u7231": 74.48527722600546, "\u4f55\u7a57": 2.881640508821669, "\u848b\u7490\u971e": -0.3599472441966395, "\u8d75\u5065": 0.3564860123994896, "\u80e1\u5175": 3.985419692901961, "\u91ca\u5f66\u80fd": -0.3599472441966395, "\u738b\u5927\u9646": -15.677670652822563, "\u5218\u4fca\u5b5d": 0.5543855137986721, "\u6a0a\u5c11\u7687": 0, "\u76db\u51a0\u68ee": 0.12664639306697234, "\u5468\u4e00\u56f4": 1.447895942281145}