{"\u962e\u91d1\u7ea2": -0.17735747446076677, "\u859b\u51ef\u742a": 4.546096017740114, "\u9648\u610f\u6db5": 3.3245798419412824, "\u5f20\u94a7\u752f": 10.318299232024726, "\u8303\u6e49\u6e49": -2.2625139611488736, "\u738b\u6c34\u6797": -1.8424986801889767, "\u9648\u5b9d\u5c71": -0.1649314334230083}