{"\u6768\u8fea": -2.430746717488941, "\u4fde\u98de\u9e3f": -11.792997835347128, "\u502a\u59ae": 4.130716946122391, "\u5f6d\u4e8e\u664f": 110.87329322678346, "\u4e54\u6749": 7.202243485040058, "\u738b\u5fb7\u987a": 0, "\u90d1\u723d": 20.16693596025657, "\u4f59\u6587\u4e50": 24.57628804219717, "\u6b27\u8c6a": 35.17076081687384}