{"\u6bcd\u5176\u5f25\u96c5": 0.13427929236426137, "\u9a6c\u94c1\u6469": 0, "\u674e\u6cbb\u5ef7": 1.318728331327251, "\u6210\u9f99": 5.047164222736398, "\u5c1a\u8bed\u8d24": -0.25972637299772255, "\u80e1\u660e": 0, "\u51ef\u6587\u00b7\u674e": 0, "\u5f20\u827a\u5174": 0.3596985359184216, "\u59dc\u96ef": -0.25972637299772255, "\u66fe\u5fd7\u4f1f": 0, "\u6210\u5bb6\u73ed": -0.11923043036047881, "\u5f20\u56fd\u7acb": -0.060630828011995486}