{"\u6768\u6d0b": 21.014519637588105, "\u4e25\u5c79\u5bbd": 2.4102238728808136, "\u674e\u7eaf": 14.602154603021853, "\u5f6d\u5b50\u82cf": 3.7983546308175034, "\u5218\u4ea6\u83f2": 8.023562863518025, "\u7f57\u664b": -2.118096836228849, "\u987e\u7487": -2.815613319204966}