{"\u5f20\u667a\u9716": 32.146794786547915, "\u949f\u6b23\u6f7c": 12.13232136791575, "\u9648\u51b2": -0.7730660400872595, "\u738b\u6c34\u6797": 0, "\u6797\u96ea": 0, "\u803f\u4e50": 5.707773521205352, "\u4e07\u56fd\u9e4f": -0.5091689339621516, "\u8fde\u51ef": -0.4260022125627992, "\u6885\u5a77": 38.46462374192394, "\u90ac\u541b\u6885": 1.2637736904857442, "\u9ad8\u6377": 0}