{"\u4ed3\u7530\u4fdd\u662d": -1.5616149212943995, "\u798f\u5c71\u96c5\u6cbb": 29.11347054320143, "\u4e2d\u6751\u8ba9": 0, "\u7af9\u4e2d\u76f4\u4eba": 0.21448861478619696, "\u621a\u8587": 5.417417719415283, "\u5fb7\u6c38\u90a6\u6cbb": 0, "\u56fd\u6751\u96bc": -1.0869839880364647, "\u6c60\u5185\u535a\u4e4b": -0.9383761011083834, "\u5409\u6cfd\u60a0": 0.9100386906848923, "\u77e2\u5c9b\u5065\u4e00": 0, "\u5f20\u6db5\u4e88": 13.037935871261723, "\u658b\u85e4\u5de5": -0.19756273020374895, "\u7530\u4e2d\u572d": -0.5892536206852389, "\u5434\u98de\u971e": 0.41311687751599097, "\u6cb3\u667a\u82d1": -6.250328836779512, "\u5188\u672c\u591a\u7eea": -0.4119733839891836}