{"\u9ec4\u6e24": 3.4017036957928015, "\u738b\u5b9d\u5f3a": -0.7457016471099694, "\u6731\u65f6\u8302": 0.36450020375391146, "\u6797\u6c38\u5065": 1.1008123726688845, "\u67f3\u5ca9": -7.419338453328629, "\u5218\u660a\u7136": 0.8087255187054067, "\u5cb3\u4e91\u9e4f": -9.709621141069771, "\u516d\u5c0f\u9f84\u7ae5": 20.992271337337584, "\u767d\u5ba2": -1.6281297331891675, "\u738b\u7956\u84dd": 0.30179532936288694, "\u9a6c\u6d74\u67ef": 2.128135972201458, "\u9648\u4f69\u65af": 0.5290627420791204}