{"\u6a0a\u91ce": 1.2352025327616007, "\u5468\u6d77\u5a9a": 0.14231943672343472, "\u5f20\u4e91\u9f99": 24.8901289769774, "\u91d1\u6668": 1.0248977366859637, "\u8303\u6e49\u6e49": -0.6099237995661647, "\u8fea\u4e3d\u70ed\u5df4": 6.917325780042126, "\u9a6c\u8587\u8587": -1.7656451890999247, "\u9ad8\u4f1f\u5149": 5.261235142834657}