{"\u5f20\u827a\u701a": 15.164931260772809, "\u6768\u5e42": 180.21295162661934, "\u738b\u4fd0\u4e39": -0.5383571825821034, "\u970d\u5efa\u534e": 22.88558674685271, "\u91d1\u58eb\u6770": -24.862208440205222, "\u5218\u7545": 0.7371332295426647}