{"\u5434\u6653\u4eae": 0.4987693676240429, "\u738b\u4ec1\u541b": -0.8137876274388284, "\u59dc\u6653\u51b2": 0, "\u5f20\u9707": 113.8114575497455, "\u8881\u6587\u5eb7": 1.2490172192344884, "\u674e\u5a9b": 1.3738409008697907, "\u6b66\u5f3a": 3.57468529255894, "\u6768\u8f76": 1.3610193254413154, "\u5218\u5cf0\u8d85": 5.29940450977671, "\u8f9b\u82b7\u857e": 23.19817121644871, "\u5218\u4ead\u4f5c": -0.2165627675028845, "\u6768\u5e42": 48.05655595397661, "\u96f7\u4f73\u97f3": 82.70420600237837, "\u5f20\u8bd1": 50.84695151410091, "\u674e\u6d2a\u6d9b": 0.697553739507105, "\u5218\u7aef\u7aef": 7.379362699322874, "\u91d1\u58eb\u6770": 2.6395111088066487, "\u5468\u4e00\u56f4": 11.587842390344145}