{"\u4faf\u660e\u660a": 0.47232783223712305, "\u5f20\u9c81\u4e00": 13.844832247877923, "\u6797\u5fc3\u5982": 3.607389074295188, "\u7109\u6829\u5609": 0.6823907595552208, "\u6210\u6cf0\u71ca": 0, "\u9093\u6069\u7199": 0.2527984346445805, "\u738b\u51ef": 3.388457013828947, "\u8d75\u9633": 0, "\u53f6\u7956\u65b0": 0}