{"\u837b\u539f\u5723\u4eba": 0, "\u624b\u585a\u901a": 0, "\u94c3\u6728\u68a8\u592e": 0, "\u6797\u9063\u90fd": 0.12861333043124934, "\u5c71\u4e0b\u8389\u7eea": 0, "\u5c71\u7530\u51c9\u4ecb": -0.4367984209717029, "\u897f\u7530\u654f\u884c": 0.49999110284791426, "\u6210\u6d77\u7483\u5b50": 0, "\u95e8\u8107\u9ea6": 0, "\u5409\u884c\u548c\u5b50": 0, "\u6751\u4e0a\u8679\u90ce": 0, "\u5c0f\u6797\u85b0": 0.2953586148427161}