{"\u8339\u840d": 0, "\u6df3\u4e8e\u73ca\u73ca": 0.3111183522594386, "\u5362\u9756\u59d7": 6.144262583744403, "\u502a\u5927\u7ea2": 0, "\u5f20\u7ff0": 9.85691916568933, "\u4e8e\u8c26": -0.11639987783965478, "\u4e01\u6d77\u5cf0": 2.1668928021943654, "\u51ef\u6587\u00b7\u674e": 0, "\u5434\u4eac": 64.10064662190418, "\u77f3\u5146\u742a": 0, "\u9093\u7d2b\u8863": 0, "\u8096\u7af9": 0, "\u8d75\u6bc5": 2.281103293757647, "\u5434\u521a": 2.9869679542294403, "\u4f59\u7537": 4.46628328202836}