{"\u6768\u8fea": -0.35354344504930424, "\u90ed\u91c7\u6d01": 15.698325352121783, "\u8d75\u82f1\u4fca": 2.771814599201175, "\u5362\u6b63\u96e8": 161.700016807253, "\u9648\u51b2": 11.340315731177123, "\u9ec4\u9f84": 1.2878323503659983, "\u5b54\u8fde\u987a": -1.0620861270961979, "\u67ef\u8fbe": 2.0184128663754164, "\u8303\u4f1f": 28.020180730863476, "\u9b4f\u7fd4": 0, "\u8bb8\u6587\u59d7": 0, "\u4ed3\u7530\u4fdd\u662d": 0.4869937298570151, "\u827e\u4f26": -0.4971907748124451, "\u8521\u56fd\u5e86": 67.77097097466337}