{"\u674e\u51e4\u4e91": 0, "\u6bdb\u94f6\u6885": 1.4691274496504128, "\u5218\u6539\u8fde": 0, "\u674e\u79c0\u6885": 0, "\u8d75\u5170\u82f1": 0, "\u4f55\u7389\u73cd": 0, "\u97e6\u7ecd\u5170": 1.8581235561312046, "\u5f20\u5148\u5154": 0}