{"\u6d77\u9e23\u5a01": 0, "\u90d1\u5bb9\u548c": 0.6851390525935166, "\u5510\u5ae3": -0.44127026957167786, "\u845b\u4f18": 0.14846226924883948, "\u536b\u8bd7\u96c5": 0, "\u767d\u51b0": 0.06779246363999544, "\u675c\u6d77\u6d9b": -0.7941205313327926, "\u8c22\u9706\u950b": 1.8407725628233327, "\u738b\u592a\u5229": 0, "\u8a79\u745e\u6587": 0}