{"\u5f20\u9c81\u4e00": 0.6074429491698023, "\u963f\u90e8\u5bbd": 0.42784774608224796, "\u79e6\u660a": 0.18491289483449572, "\u5f20\u6995\u5bb9": 1.6164975419988776, "\u5218\u4f69\u7426": -0.5636451829581688, "\u9ec4\u8f69": 0.8199472375452901, "\u5f20\u5929\u7231": 0, "\u67d3\u8c37\u5c06\u592a": 0.1306976594355177, "\u8f9b\u67cf\u9752": -0.4468058756857203, "\u6b27\u8c6a": 0.07722433585221633, "\u79e6\u6021": -0.13760301390595747, "\u5218\u660a\u7136": 2.0428333573128055, "\u5f20\u96e8\u7eee": 1.0475664226150627, "\u6210\u6cf0\u71ca": 0, "\u7530\u96e8": -0.1839596403356393, "\u674e\u6df3": -0.21006938157064753, "\u706b\u91ce\u6b63\u5e73": 0, "\u677e\u5742\u5e86\u5b50": 0}