{"\u7f57\u5fd7\u7965": 58.73628105110536, "\u6b27\u9633\u5a1c\u5a1c": -54.277833277575986, "\u6210\u9f99": 154.3910946767529, "\u9a6c\u94c1\u6469": 0, "\u590f\u4faf\u4e91\u59d7": 38.38659305080701}