{"\u4f55\u6da6\u4e1c": -9.116756531162876, "\u5e08\u9e4f": -0.4832902450316401, "\u5a1c\u624e": 23.396395439858107, "\u79cb\u74f7\u70ab": 16.27672794671959, "\u9ec4\u5b50\u97ec": 135.72883926664156, "\u738b\u5b66\u573b": 2.2436404124904428, "\u9ad8\u6377": 0.8905269786296681}