{"\u6bb5\u5955\u5b8f": 59.66131415810252, "\u738b\u771f\u513f": 3.7005833321840695, "\u5f90\u9759\u857e": -5.54279433970269, "\u5f20\u5ff5\u9a85": 0, "\u6768\u5b50\u59d7": 13.738366528578903, "\u7126\u521a": 0.8095270391093774, "\u6881\u6770\u7406": -1.015305810403639, "\u9ec4\u6e24": 67.71051955507632, "\u8bb8\u73ae\u752f": 7.819205492513867, "\u675c\u51fd\u68a6": -0.06032277534854025}