{"\u7f57\u4ef2\u8c26": 8.774003543158265, "\u4faf\u68a6": 0, "\u6797\u5fd7\u73b2": -7.907413441484391, "\u66f9\u6210\u65b9\u5b50": 0, "\u6881\u548f\u742a": -13.437819604083147, "\u5b59\u82e5\u6dc7": 0, "\u5218\u6d9b": 0.5224608025141246, "\u6768\u6893\u9091": 0, "\u9f50\u7426": 0, "\u6f58\u658c\u9f99": -1.8756256655355688, "\u82d1\u743c\u4e39": 0.22879864077791867, "\u9a6c\u8d5b": -0.28564963919374287, "\u59dc\u6790\u6e90": 0, "\u65bd\u8bd7": 0, "\u4f55\u6615\u9716": 0, "\u51b7\u6613\u6850": 0, "\u9648\u96c5\u4e3d": 0, "\u9ec4\u6e24": -0.35794768885372463, "\u6c64\u7545": 0, "\u90ed\u5bcc\u57ce": 13.93510980494164, "\u738b\u8def\u6674": 0, "\u7ba1\u4e50": -0.4052007363731894, "\u8d75\u59dd\u5a77": 0, "\u51af\u7ecd\u5cf0": 78.42844772034431, "\u738b\u5c0f\u767d": 0, "\u5b59\u4f0a\u6db5": 0.8418040052516622, "\u8d75\u4e3d\u9896": 87.82509927752486, "\u4f55\u5999\u8a00": 0, "\u5c0f\u6c88\u9633": 0.26370901145240144, "\u8463\u7075\u6eaa": 0}