{"\u848b\u68a6\u5a55": -0.07258358700312428, "\u9ea6\u82b7\u8c0a": 0, "\u674e\u7a0b\u5f6c": 0, "\u5468\u4fca\u4f1f": 0, "\u6768\u5343\u5b05": 15.556221907428961, "\u5173\u9038\u626c": 0, "\u53f8\u5f92\u6167\u712f": 0, "\u5ed6\u5b50\u59a4": 0, "\u9648\u9759": -0.2849033979299318, "\u6797\u5146\u971e": 0, "\u8c37\u5fb7\u662d": 0, "\u90ed\u5955\u82af": 0, "\u5f6d\u6d69\u7fd4": 1.515466583965292, "\u90b9\u51ef\u5149": 0, "\u9648\u9038\u5b81": 0, "\u738b\u8bd7\u96c5": 0, "\u6797\u6d77\u5cf0": 0, "\u8c37\u7956\u7433": 0.4999999999764959, "\u79e6\u6c9b": 0.12007599172968607, "\u68ee\u7f8e": 0, "\u66fe\u56fd\u7965": 0, "\u960e\u6c76\u5ba3": 0, "\u5433\u5cb1\u878d": 0, "\u4f59\u6587\u4e50": 16.12054921172509, "\u90b5\u97f3\u97f3": 0, "\u738b\u6653\u6668": 0}