{"\u5434\u6a3e": 26.52670471707329, "\u6797\u5bb6\u680b": 24.230467538020914, "\u90d1\u96ea\u513f": 2.701575745323379, "\u5362\u60e0\u5149": 2.0927168979111292, "\u9648\u6c49\u5a1c": 553.6407019954048, "\u6258\u5c3c\u00b7\u8d3e": 36.3355172366427, "\u53e4\u5929\u4e50": 98.12426306850594, "\u8521\u6d01": 1.0866859876966666}