{"\u674e\u6668": 18.36786771892969, "\u674e\u4f73\u822a": 6.448839769026675, "\u8d75\u8fbe": -0.39341783582674333, "\u9646\u601d\u5b87": 0, "\u674e\u6668\u6d69": -0.6321145255901013, "\u738b\u5b66\u573b": -1.593900531149471, "\u53f6\u6d4f": 0.4100099468199793, "\u90ed\u6d3a\u5b87": -0.4024613809188857, "\u738b\u5343\u6e90": 7.902713151922358, "\u8303\u51b0\u51b0": 28.173245656442926, "\u9093\u8d85": 2.498662874718489, "\u5434\u79c0\u6ce2": 1.2797472479931595}