{"\u6587\u6dc7": -0.10233698622288107, "\u6797\u5609\u6b23": -0.3992740442344558, "\u962e\u7ecf\u5929": 6.586222196506761, "\u9a6c\u82cf": 0, "\u96f7\u7c73": -0.22267536761676116, "\u5218\u8bd7\u8bd7": 1.335901310376771, "\u90ed\u4eac\u98de": 0.8488332689694914, "\u9093\u8d85": 10.25333409900632}