{"\u6731\u6770": 0, "\u9648\u828b\u7c73": 0, "\u51af\u7ecd\u5cf0": 35.27024308583849, "\u5f20\u5b50\u8d24": 0.018281584324145866, "\u7126\u4fca\u8273": 1.3903754910563195, "\u674e\u5149\u6d01": 68.41561418858812, "\u718a\u4e43\u747e": 1.0449753033530202, "\u5218\u4ea6\u83f2": 229.92335283538733, "\u90ed\u4eac\u98de": 89.43003615357796}