{"\u738b\u8000\u5e86": 4.138995425931451, "\u9ec4\u8f69": 176.9322783138654, "\u8096\u806a": 0.28051799493445106, "\u9676\u6d77": -0.21310116780093785, "\u90ce\u6708\u5a77": -0.2573699170950944, "\u7956\u5cf0": 69.73057789560752, "\u6bb5\u5955\u5b8f": 165.07498625595434, "\u90a2\u4f73\u680b": 0.9214386934084813, "\u674e\u6653\u5ddd": 0.24143768575994615, "\u8d75\u70b3\u9510": 0, "\u4ee3\u4e50\u4e50": 0.20213932768890108, "\u738b\u781a\u8f89": 1.8615473602585577, "\u4e01\u52c7\u5cb1": 0.2518991574266719}