{"\u5218\u5fb7\u534e": 14.36598150811956, "\u6c99\u6ea2": 12.489923072830848, "\u5f20\u9759\u521d": 12.619683470105272, "\u8ba9\u00b7\u96f7\u8bfa": 1.4674735158679821, "\u8212\u6dc7": 65.40368690025105, "\u6768\u7950\u5b81": 36.077092081589015, "\u66fe\u5fd7\u4f1f": -4.95410998510049, "\u6e38\u5929\u7ffc": -0.4607940825662513}