{"\u671f\u671f": -1.569906079588446, "\u9ad8\u534e\u9633": 118.82980621540942, "\u674e\u6df3": 1.3076101841878842, "\u738b\u73a5": 0.3716129290340064, "\u91d1\u58eb\u6770": -1.0095257662923742, "\u8463\u5b50\u5065": 4.768964912388542, "\u674e\u8363\u6d69": 6.918325524202733, "\u718a\u9ece": -0.07991722361969228, "\u8d75\u4e3d\u9896": 41.68293567103607, "\u5b59\u4f0a\u6db5": 0.5602982241574568, "\u5f6d\u4e8e\u664f": 36.956491696465946, "\u65b9\u52b1": 0, "\u5f20\u672c\u715c": 4.158441952261109, "\u674e\u6625\u5ad2": 0, "\u9093\u8d85": 39.87386892109334}