{"\u5c39\u6609": 0.9983482566976154, "\u6d77\u6e05": -1.8366263684129391, "\u5f20\u8bd1": 12.61553926311694, "\u9ec4\u666f\u745c": 18.259180747493616, "\u675c\u6c5f": 3.942303976754165, "\u90ed\u5bb6\u8c6a": 0, "\u848b\u7490\u971e": -0.21991934210039785}