{"\u674e\u5b87\u6625": 51.199301708098474, "\u9ec4\u78ca": -0.8343630836617526, "\u4e95\u67cf\u7136": 18.693820281423733, "\u6881\u671d\u4f1f": -6.170337589469103, "\u5434\u83ab\u6101": 0.6846308754255757, "\u5f20\u4fea": -0.019614469375980992, "\u767d\u767e\u4f55": -1.3312610120093762, "\u67f3\u5ca9": -1.4347792326239168, "\u59dc\u8d85": -0.4890175910891309, "\u5434\u541b\u5982": -0.4871598331492402, "\u5927\u9e4f": 3.8100412480153785, "\u6768\u7950\u5b81": 7.838758388560804, "\u66fe\u5fd7\u4f1f": -1.447603631968534, "\u5a04\u827a\u6f47": -0.6982876091605789}