{"\u4efb\u8fbe\u534e": 4.211973767576386, "\u5927\u9e4f": 46.986908316969505, "\u8303\u4f1f": 38.34299209199144, "\u4e54\u6749": 38.2193993511097, "\u6881\u9f99": -0.10775280463008319, "\u5f20\u5929\u7231": 8.701937609794529, "\u90ac\u541b\u6885": -0.5958356729665852}