{"\u8042\u5b89\u8fbe": 0, "\u738b\u4fca\u68e0": 0, "\u9648\u60e0\u654f": 1.0139002921793605, "\u5c39\u5b50\u7ef4": -0.793446672879617, "\u55bb\u4ea2": 0, "\u90d1\u5219\u4ed5": 8.745233595031163, "\u674e\u65e5\u5347": 0, "\u5468\u4fca\u4f1f": 0.1778889629196606, "\u5468\u4e3d\u6dc7": -0.7528812388566435, "\u7504\u5b50\u4e39": 41.64331052234822, "\u5218\u5fb7\u534e": 38.565309635523306, "\u59dc\u7693\u6587": 1.7193127510751738, "\u4f0d\u5141\u9f99": 0, "\u5434\u6bc5\u5c06": 2.9252455418012926, "\u9ec4\u65e5\u534e": 3.5891410737880705, "\u80e1\u7136": -0.11662134689655956, "\u6c64\u9547\u4e1a": -0.9450727049134774, "\u5218\u6d69\u9f99": 0.6720850655851223, "\u66fe\u6c5f": 1.0083563688178305, "\u5f90\u51ac\u51ac": -2.1939944428947538, "\u79e6\u714c": 0.2767868914268215}