{"\u82d7\u82d7": 63.42585976444934, "\u738b\u53ef\u5982": 0, "\u5468\u653e": 0, "\u82cf\u5ca9": 0, "\u9ec4\u8f69": 66.77496767763216, "\u738b\u5929\u8fb0": 0.4065133479280469, "\u6768\u91c7\u94b0": -2.9486880789726304, "\u8d75\u7acb\u65b0": -0.41896045083994354, "\u949f\u695a\u66e6": 4.181056788719948, "\u909d\u6653\u5f64": 0, "\u968b\u6e90": -0.17283046891613452, "\u9676\u6d77": 0, "\u674e\u6653\u5cf0": 0.508745268965319, "\u5f20\u4ec1\u535a": 0.21841705904644326}