{"\u5f20\u4e00\u9e23": 0, "\u8d75\u82f1\u4fca": 4.1735734858177045, "\u738b\u52b2\u677e": -0.34409071398808944, "\u97e9\u7ae5\u751f": 1.1717690512244445, "\u674e\u9e3f\u5176": 1.1136535078363998, "\u66f9\u6850\u777f": 0, "\u66f2\u96bd\u5e0c": 0.05317257671269643, "\u8863\u4e91\u9e64": 0, "\u5927\u9e4f": 86.0778349762568, "\u5cb3\u4e91\u9e4f": -0.03088874903622907, "\u4e8e\u8c26": -1.4479255136421276, "\u5468\u51ac\u96e8": 4.609418214144563, "\u5a1c\u624e": 13.947278783347821, "\u5218\u5c0f\u5149": 0, "\u66f9\u7136\u7136": 0, "\u4e8e\u6d0b": -0.3920660453198059, "\u9a6c\u5927\u660e": 0.8781490956436132, "\u5b8b\u6653\u5cf0": 0, "\u8881\u59d7\u59d7": 1.460562682283701, "\u6587\u677e": 1.0993042163800841, "\u4e54\u6749": 11.274534661633899, "\u4ee3\u4e50\u4e50": 0.0812563789912034, "\u5b8b\u5c0f\u5b9d": 0.38711757583765716, "\u5b8b\u831c": 0.548246660855674}