{"\u59dc\u6b66": 17.444606217692247, "\u738b\u7d2b\u9038": 1.4766480503766175, "\u6797\u8fea\u5b89": 1.031519191519508, "\u5f20\u7ee7\u806a": 1.7550569523557362, "\u5c39\u626c\u660e": 0.41504507549618047, "\u9648\u5f7c\u5f97": -0.28874396114262124, "\u5218\u5fb7\u534e": 27.463636895337334, "\u59dc\u7693\u6587": 5.059165702849798, "\u9a86\u5e94\u94a7": 0, "\u4f55\u534e\u8d85": 0.995584593339879, "\u9ec4\u65e5\u534e": 0.41894156768321156, "\u8521\u701a\u4ebf": 5.045876692660449, "\u5362\u60e0\u5149": 0.1623990153979044, "\u674e\u56fd\u9e9f": 0, "\u5b8b\u4f73": 14.213041905560603, "\u5434\u5353\u7fb2": 4.449392446365055, "\u5f20\u7ae3\u6770": -0.4979990625439173, "\u5ed6\u542f\u667a": 1.6959355148335258, "\u77f3\u4fee": 0.20907943072874835}