{"\u5b8b\u9633": -0.1649815136741483, "\u859b\u7693\u6587": 4.759326389640397, "\u6c88\u817e": 29.361383547741426, "\u9ec4\u624d\u4f26": 0, "\u5e38\u8fdc": 2.714462621029959, "\u738b\u667a": 1.0617518443250256, "\u5c39\u6b63": 1.0485813350521591, "\u9a6c\u4e3d": 24.04441100339604, "\u7530\u96e8": 0.9854905119693141, "\u827e\u4f26": 16.038050931660507}