{"\u5218\u6d9b": -9.14727021979772, "\u6881\u4f69\u8bd7": -0.2734129245189071, "\u6210\u9f99": 205.06387979872045, "\u96f7\u00b7\u8d39\u9686": 0}