{"\u5434\u5c0a": 22.668775791877803, "\u674e\u51b0\u51b0": 192.37911716784393, "\u6770\u68ee\u00b7\u5e84": 0.41414834488449154}