{"\u848b\u6613": 5.6439004189832565, "\u5f20\u6d77\u5b87": 8.188773600843009, "\u674e\u6668\u6656": 0, "\u848b\u96ef\u4e3d": 3.396841268386074, "\u8303\u660e": 5.286041200023136, "\u66f9\u9a8f": 5.319908274822706, "\u767d\u5ba2": 20.681086238210792, "\u738b\u7389\u96ef": 3.717177076161865, "\u84dd\u76c8\u83b9": 14.937961198956922, "\u5468\u695a\u6fcb": 5.202483957892948}