{"\u5434\u6a3e": -1.0320608874261668, "\u4f59\u7691\u78ca": 7.550551121990937, "\u9a6c\u5929\u5b87": -29.453886117608935, "\u82cf\u946b": 8.331123573358342, "\u5f20\u827a\u4e0a": 7.114043738883127, "\u5b81\u6d69": -0.4861060219605725, "\u97e9\u5bd2": 4.182082386257738, "\u738b\u51ef": 92.83021205045537, "\u6797\u96ea": 7.987971131149624, "\u674e\u68a6": 5.257384960693677, "\u738b\u5927\u9646": 3.528708121075337, "\u674e\u5cb7\u57ce": 0, "\u59dc\u4f69\u7476": -0.166776128371033}