{"\u5f20\u5b50\u8d24": 0, "\u66f2\u54f2\u660e": 0.9008405519030038, "\u5218\u542f\u6052": 0.9008405519030038, "\u4e95\u67cf\u7136": 71.00388640670903, "\u7530\u58ee\u58ee": 31.560884563815577, "\u5468\u51ac\u96e8": 90.37930556556714, "\u82cf\u5c0f\u660e": 0.4412153011064592, "\u65bd\u4e88\u6590": 0}