{"\u90d1\u607a": 1.8892274547617809, "\u97e9\u5e9a": 2.682906183810604, "\u7f57\u7c73": -0.47205180107243083, "\u4e8e\u6587\u6587": 2.2501719883027858, "\u53f6\u53ef\u513f": 0, "\u66fe\u68a6\u96ea": 10.075883904474784, "\u8096\u98de": 0}