{"\u5143\u534e": 0.18553958431826956, "\u738b\u8fc5": -1.758783712291172, "\u8303\u6e49\u6e49": 0, "\u4f5f\u4e3d\u5a05": 0.4869657134927298, "\u738b\u5b9d\u5f3a": -8.265726017917908, "\u8096\u592e": 8.29739227534015, "\u9ec4\u897f": -0.10015894749769338, "\u5218\u660a\u7136": 130.87359645594893, "\u5c1a\u8bed\u8d24": -0.8226411792350056, "\u9648\u601d\u8bda": 6.903108387586173, "\u5218\u627f\u7fbd": 9.072310363104348, "\u59bb\u592b\u6728\u806a": 13.02345582569986}