{"\u674e\u8363\u6d69": 8.177180660268805, "\u5d14\u5fd7\u4f73": -0.8027929373271391, "\u9648\u5955\u8fc5": 10.747622040676218, "\u8bb8\u7ecd\u96c4": -1.1350827585434715, "\u9648\u56fd\u5764": -2.4134911811924162, "\u5218\u6d69\u9f99": 0.29757698426276336, "\u9a6c\u5fd7\u5a01": -0.4996078011838293, "\u674e\u4e00\u6850": 8.0762409977403, "\u7530\u542f\u6587": -0.4996078011838293}