{"\u4efb\u8fbe\u534e": -0.09261589531801821, "\u6731\u73e0": 1.4904374257674742, "\u6bb5\u535a\u6587": 7.077651871712001, "\u5f90\u5ce5": 53.13033549581334, "\u738b\u781a\u8f89": 2.401383163940196, "\u8d75\u8fbe": 0, "\u4e8e\u548c\u4f1f": -0.8777000406527966, "\u738b\u4e3d\u5764": 11.18577737910679}