{"\u767d\u5a01": 1.0041056784541555, "\u9648\u897f\u8d1d": 0.12377621753291762, "\u9648\u747e": 5.617518278414182, "\u738b\u5b66\u573b": 8.90410871174661}