{"\u8bb8\u541b\u806a": 2.65032447147403, "\u6c88\u817e": 30.37303545909289, "\u674e\u4ea6\u822a": 3.09357190288445, "\u65b9\u4e2d\u4fe1": -5.25667811519889, "\u5f20\u8bd1": 15.360958269410293, "\u5434\u541b\u5982": 67.42702300888322, "\u5434\u9547\u5b87": -6.364677459827913, "\u6f58\u658c\u9f99": 0, "\u7126\u4fca\u8273": 4.497185861491099, "\u5cb3\u4e91\u9e4f": -2.4196098300627367, "\u963f\u5982\u90a3": 0.27238441060461027}