{"\u674e\u6668": 0.2239081085116153, "\u5b5f\u975e": -0.8843180607729442, "\u5b59\u8d8a": 0.20404343501770472, "\u8c22\u6960": 0, "\u8d3e\u4e43\u4eae": -1.108780783634518, "\u6797\u5fd7\u73b2": -0.6877756434618902, "\u5f20\u4fea": 0.17580905708203765, "\u9a6c\u82cf": 0.7500125135855323, "\u8d3e\u73b2": 0.4478286195538356, "\u90d1\u607a": -0.03848891548142078, "\u738b\u5b9d\u5f3a": -0.07623652727415481, "\u4e8e\u8c26": 0.7432670605666102, "\u5f20\u6668\u5149": 0, "\u5cb3\u4e91\u9e4f": -15.831004731317613, "\u5218\u84d3": 0.2646846943635982, "\u9ec4\u78ca": 0.042195826516086055, "\u5f20\u56fd\u7acb": 0.28669520953391425, "\u5434\u6a3e": 0.49640722351023653, "\u738b\u5c0f\u5229": -0.6566127165813519, "\u5b59\u827a\u6d32": 0.32175279232807896, "\u90ed\u9e92\u9e9f": 2.1523939563620655, "\u4e95\u67cf\u7136": 2.4259650429131807, "\u6b27\u5f1f": -0.06034209507994809, "\u6c6a\u4e1c\u57ce": 0.26082763798653247, "\u5434\u4eac": 4.953209587184246, "\u675c\u6df3": -0.9782223387825502, "\u5434\u79c0\u6ce2": 6.969383556233823, "\u8427\u656c\u817e": 1.2522948856355913, "\u5927\u9e4f": 1.0419278769481726, "\u5434\u541b\u5982": 0.9340095363940931}