{"\u6768\u8fea": 0.37728898633890706, "\u96f7\u4f73\u97f3": 144.60213001216798, "\u4f5f\u4e3d\u5a05": 47.31415954380543, "\u5f90\u5ce5": 21.006616442348648, "\u9676\u8679": 2.8684132245806504, "\u674e\u5149\u6d01": 2.159254996292481, "\u674e\u5ff5": 0.11891979402122504, "\u4e8e\u548c\u4f1f": 0.5070150365661226}